"0","library(tidyverse)
"
"2","package ‘tidyverse’ was built under R version 3.6.3"
"2","Registered S3 method overwritten by 'dplyr':
  method           from
  print.rowwise_df     
"
"2","Registered S3 methods overwritten by 'dbplyr':
  method         from
  print.tbl_lazy     
  print.tbl_sql      
"
"2","[37m-- [1mAttaching packages[22m --------------------------------------- tidyverse 1.3.0 --[39m
"
"2","[37m[32m<U+221A>[37m [34mggplot2[37m 3.2.1     [32m<U+221A>[37m [34mpurrr  [37m 0.3.3
[32m<U+221A>[37m [34mtibble [37m 2.1.3     [32m<U+221A>[37m [34mdplyr  [37m 0.8.4
[32m<U+221A>[37m [34mtidyr  [37m 1.0.2     [32m<U+221A>[37m [34mstringr[37m 1.4.0
[32m<U+221A>[37m [34mreadr  [37m 1.3.1     [32m<U+221A>[37m [34mforcats[37m 0.5.0[39m
"
"2","package ‘tidyr’ was built under R version 3.6.3"
"2","[37m-- [1mConflicts[22m ------------------------------------------ tidyverse_conflicts() --
[31mx[37m [34mdplyr[37m::[32mfilter()[37m masks [34mstats[37m::filter()
[31mx[37m [34mdplyr[37m::[32mlag()[37m    masks [34mstats[37m::lag()[39m
"
